{"cameraMode":{"drawMode":0,"name":"Shaded","section":"Shading Mode"},"sceneLighting":false,"audioPlay":false,"sceneViewState":{"showFog":true,"showMaterialUpdate":false,"showSkybox":false,"showFlares":true,"showImageEffects":true,"showParticleSystems":true},"in2DMode":false,"pivot":{"x":-0.09658730030059815,"y":0.02918684482574463,"z":2.082396984100342},"rotation":{"x":0.16897878050804139,"y":0.2908642292022705,"z":-0.05227647349238396,"w":0.9403100609779358},"size":3.832531690597534,"orthographic":false}