{"cameraMode":{"drawMode":0,"name":"Shaded","section":"Shading Mode"},"sceneLighting":false,"audioPlay":false,"sceneViewState":{"showFog":true,"showMaterialUpdate":false,"showSkybox":false,"showFlares":true,"showImageEffects":true,"showParticleSystems":true},"in2DMode":false,"pivot":{"x":376.66082763671877,"y":368.3326721191406,"z":-635.2470092773438},"rotation":{"x":0.21260789036750794,"y":-0.2507985532283783,"z":0.05656425654888153,"w":0.9427470564842224},"size":1.4198392629623414,"orthographic":false}