{"cameraMode":{"drawMode":0,"name":"Shaded","section":"Shading Mode"},"sceneLighting":false,"audioPlay":false,"sceneViewState":{"showFog":true,"showMaterialUpdate":false,"showSkybox":false,"showFlares":true,"showImageEffects":true,"showParticleSystems":true},"in2DMode":false,"pivot":{"x":-0.014954328536987305,"y":-0.1507178544998169,"z":1.7457741498947144},"rotation":{"x":0.09511885046958924,"y":0.7123503684997559,"z":-0.09843568503856659,"w":0.6884019374847412},"size":1.7325319051742554,"orthographic":false}