{"cameraMode":{"drawMode":0,"name":"Shaded","section":"Shading Mode"},"sceneLighting":false,"audioPlay":false,"sceneViewState":{"showFog":true,"showMaterialUpdate":false,"showSkybox":true,"showFlares":true,"showImageEffects":true,"showParticleSystems":true},"in2DMode":false,"pivot":{"x":-2.2351508140563967,"y":1.8010306358337403,"z":-2.0},"rotation":{"x":-0.1724843829870224,"y":-0.31805863976478579,"z":0.058965202420949939,"w":-0.930382490158081},"size":3.438054084777832,"orthographic":false}